<?xml version="1.0"?>
<doc>
    <assembly>
        <name>SocketIOClient</name>
    </assembly>
    <members>
        <member name="T:SocketIOClient.SocketIO">
            <summary>
            socket.io client class
            </summary>
        </member>
        <member name="M:SocketIOClient.SocketIO.#ctor(System.String)">
            <summary>
            Create SocketIO object with default options
            </summary>
            <param name="uri"></param>
        </member>
        <member name="M:SocketIOClient.SocketIO.#ctor(System.Uri)">
            <summary>
            Create SocketIO object with options
            </summary>
            <param name="uri"></param>
        </member>
        <member name="M:SocketIOClient.SocketIO.#ctor(System.String,SocketIOClient.SocketIOOptions)">
            <summary>
            Create SocketIO object with options
            </summary>
            <param name="uri"></param>
            <param name="options"></param>
        </member>
        <member name="M:SocketIOClient.SocketIO.#ctor(System.Uri,SocketIOClient.SocketIOOptions)">
            <summary>
            Create SocketIO object with options
            </summary>
            <param name="uri"></param>
            <param name="options"></param>
        </member>
        <member name="P:SocketIOClient.SocketIO.Id">
            <summary>
            An unique identifier for the socket session. Set after the connect event is triggered, and updated after the reconnect event.
            </summary>
        </member>
        <member name="P:SocketIOClient.SocketIO.Connected">
            <summary>
            Whether or not the socket is connected to the server.
            </summary>
        </member>
        <member name="E:SocketIOClient.SocketIO.OnReconnected">
            <summary>
            Fired upon a successful reconnection.
            </summary>
        </member>
        <member name="E:SocketIOClient.SocketIO.OnReconnectAttempt">
            <summary>
            Fired upon an attempt to reconnect.
            </summary>
        </member>
        <member name="E:SocketIOClient.SocketIO.OnReconnectError">
            <summary>
            Fired upon a reconnection attempt error.
            </summary>
        </member>
        <member name="E:SocketIOClient.SocketIO.OnReconnectFailed">
            <summary>
            Fired when couldn’t reconnect within reconnectionAttempts
            </summary>
        </member>
        <member name="M:SocketIOClient.SocketIO.On(System.String,System.Action{SocketIOClient.SocketIOResponse})">
            <summary>
            Register a new handler for the given event.
            </summary>
            <param name="eventName"></param>
            <param name="callback"></param>
        </member>
        <member name="M:SocketIOClient.SocketIO.Off(System.String)">
            <summary>
            Unregister a new handler for the given event.
            </summary>
            <param name="eventName"></param>
        </member>
        <member name="M:SocketIOClient.SocketIO.EmitAsync(System.String,System.Object[])">
            <summary>
            Emits an event to the socket
            </summary>
            <param name="eventName"></param>
            <param name="data">Any other parameters can be included. All serializable datastructures are supported, including byte[]</param>
            <returns></returns>
        </member>
        <member name="M:SocketIOClient.SocketIO.EmitAsync(System.String,System.Action{SocketIOClient.SocketIOResponse},System.Object[])">
            <summary>
            Emits an event to the socket
            </summary>
            <param name="eventName"></param>
            <param name="ack">will be called with the server answer.</param>
            <param name="data">Any other parameters can be included. All serializable datastructures are supported, including byte[]</param>
            <returns></returns>
        </member>
        <member name="P:SocketIOClient.SocketIOOptions.Reconnection">
            <summary>
            Whether to allow reconnection if accidentally disconnected
            </summary>
        </member>
        <member name="M:SocketIOClient.Transport.Http.HttpTransport.ConnectAsync(System.Uri,System.Threading.CancellationToken)">
            <summary>
            
            </summary>
            <param name="uri"></param>
            <param name="cancellationToken"></param>
            <exception cref="T:System.InvalidOperationException"></exception>
        </member>
    </members>
</doc>
